{"precision": 0.7831594634873323, "recall": 0.6690006365372374, "fbeta": 0.7215928595949194}