{"precision": 0.7997977755308392, "recall": 0.5035009548058561, "fbeta": 0.61796875}